{"loss": [6.633949279785156, 3.466243028640747, 3.359863758087158, 3.220372438430786, 3.1073625087738037, 2.9895577430725098, 2.891720771789551, 2.764841318130493, 2.6185667514801025, 2.4283363819122314, 2.2962470054626465, 2.1501805782318115, 2.024678945541382, 1.8388686180114746, 1.702527642250061, 1.5702011585235596, 1.4210162162780762, 1.2860027551651, 1.2305608987808228, 1.144531011581421, 1.0010251998901367, 0.9036211371421814, 0.8571423292160034, 0.817253589630127, 0.7666842341423035, 0.7016934156417847, 0.6859049797058105, 0.5573769211769104, 0.5204516053199768, 0.48863303661346436, 0.4917081594467163, 0.4418942630290985], "accuracy": [0.03756019100546837, 0.04783306643366814, 0.07223113626241684, 0.08699839562177658, 0.11428571492433548, 0.14253611862659454, 0.18394863605499268, 0.2067415714263916, 0.26035311818122864, 0.31749600172042847, 0.3547351658344269, 0.3868378698825836, 0.42086678743362427, 0.47544142603874207, 0.513322651386261, 0.553130030632019, 0.5977528095245361, 0.6417335271835327, 0.6462279558181763, 0.6802568435668945, 0.7149277925491333, 0.737399697303772, 0.7560192346572876, 0.77720707654953, 0.7884430289268494, 0.804815411567688, 0.8179775476455688, 0.844622790813446, 0.8526484966278076, 0.8731942176818848, 0.8703050017356873, 0.8744783401489258], "val_loss": [3.403369426727295, 3.276496648788452, 3.1185355186462402, 3.0055012702941895, 2.8503453731536865, 2.6030426025390625, 2.4443821907043457, 2.2672722339630127, 1.9556735754013062, 1.8802568912506104, 1.706368088722229, 1.7759675979614258, 1.3399403095245361, 1.4263371229171753, 1.0451757907867432, 1.1873409748077393, 1.2044416666030884, 0.8940203785896301, 1.0856786966323853, 0.6911616921424866, 0.6860148906707764, 0.6821120381355286, 0.5705057382583618, 0.48824819922447205, 0.3904803991317749, 0.4532308876514435, 0.4412500858306885, 0.4717947244644165, 0.3327522277832031, 0.4697761535644531, 0.4059998691082001, 0.40502455830574036], "val_accuracy": [0.0683760717511177, 0.07977207750082016, 0.12820513546466827, 0.21652421355247498, 0.23076923191547394, 0.30484330654144287, 0.34472933411598206, 0.3789173662662506, 0.4928774833679199, 0.5527065396308899, 0.561253547668457, 0.5584045648574829, 0.6723646521568298, 0.632478654384613, 0.7378917336463928, 0.7207977175712585, 0.7179487347602844, 0.7891737818717957, 0.7578347325325012, 0.8404558300971985, 0.8433048725128174, 0.8490028381347656, 0.8831908702850342, 0.8917378783226013, 0.9145299196243286, 0.9116809368133545, 0.8945869207382202, 0.9145299196243286, 0.9287749528884888, 0.945868968963623, 0.934472918510437, 0.9373219609260559]}